scenario,role_id,split,text
python-backend-01,python-backend,train,"Skills demonstrated in coursework and projects: Python, SQL, Flask, REST API, Git."
python-backend-02,python-backend,train,"Skills demonstrated in coursework and projects: Python, SQL, Flask, REST API, Git, Docker."
python-backend-03,python-backend,train,"Skills demonstrated in coursework and projects: Python, SQL, Flask, REST API, Git, Testing."
python-backend-04,python-backend,train,"Skills demonstrated in coursework and projects: Python, SQL, Flask, REST API, Docker."
python-backend-05,python-backend,train,"Skills demonstrated in coursework and projects: SQL, Flask, REST API, Git, Testing."
python-backend-06,python-backend,train,"Skills demonstrated in coursework and projects: Python, SQL, Flask, Docker, Testing."
python-backend-07,python-backend,train,"Skills demonstrated in coursework and projects: Python, Flask, Git, Docker, Testing, Java."
python-backend-08,python-backend,train,"Skills demonstrated in coursework and projects: Python, SQL, Flask, REST API, Git, Communication."
python-backend-09,python-backend,train,"Skills demonstrated in coursework and projects: SQL, Flask, REST API, Git, Docker, Testing, Java."
python-backend-10,python-backend,test,"Skills demonstrated in coursework and projects: Python, SQL, Flask, REST API, Git, Docker, Testing, Linux."
python-backend-11,python-backend,test,"Skills demonstrated in coursework and projects: Python, SQL, Flask, REST API, Java, Linux."
python-backend-12,python-backend,test,"Skills demonstrated in coursework and projects: Python, SQL, Testing, Pandas."
frontend-01,frontend,train,"Skills demonstrated in coursework and projects: HTML, CSS, JavaScript, React, Git."
frontend-02,frontend,train,"Skills demonstrated in coursework and projects: HTML, CSS, JavaScript, React, Git, TypeScript."
frontend-03,frontend,train,"Skills demonstrated in coursework and projects: HTML, CSS, JavaScript, React, Git, UI/UX."
frontend-04,frontend,train,"Skills demonstrated in coursework and projects: HTML, CSS, JavaScript, React, TypeScript."
frontend-05,frontend,train,"Skills demonstrated in coursework and projects: CSS, JavaScript, React, Git, UI/UX."
frontend-06,frontend,train,"Skills demonstrated in coursework and projects: HTML, CSS, JavaScript, TypeScript, UI/UX."
frontend-07,frontend,train,"Skills demonstrated in coursework and projects: HTML, JavaScript, Git, TypeScript, UI/UX, Testing."
frontend-08,frontend,train,"Skills demonstrated in coursework and projects: HTML, CSS, JavaScript, React, Git, Communication."
frontend-09,frontend,train,"Skills demonstrated in coursework and projects: CSS, JavaScript, React, Git, TypeScript, UI/UX, Testing."
frontend-10,frontend,test,"Skills demonstrated in coursework and projects: HTML, CSS, JavaScript, React, Git, TypeScript, UI/UX, Figma."
frontend-11,frontend,test,"Skills demonstrated in coursework and projects: HTML, CSS, JavaScript, React, Testing, Figma."
frontend-12,frontend,test,"Skills demonstrated in coursework and projects: HTML, CSS, Figma, Prototyping."
data-analyst-01,data-analyst,train,"Skills demonstrated in coursework and projects: SQL, Excel, Python, Pandas, Data Visualization."
data-analyst-02,data-analyst,train,"Skills demonstrated in coursework and projects: SQL, Excel, Python, Pandas, Data Visualization, Power BI."
data-analyst-03,data-analyst,train,"Skills demonstrated in coursework and projects: SQL, Excel, Python, Pandas, Data Visualization, Statistics."
data-analyst-04,data-analyst,train,"Skills demonstrated in coursework and projects: SQL, Excel, Python, Pandas, Power BI."
data-analyst-05,data-analyst,train,"Skills demonstrated in coursework and projects: Excel, Python, Pandas, Data Visualization, Statistics."
data-analyst-06,data-analyst,train,"Skills demonstrated in coursework and projects: SQL, Excel, Python, Power BI, Statistics."
data-analyst-07,data-analyst,train,"Skills demonstrated in coursework and projects: SQL, Python, Data Visualization, Power BI, Statistics, Tableau."
data-analyst-08,data-analyst,train,"Skills demonstrated in coursework and projects: SQL, Excel, Python, Pandas, Data Visualization, Communication."
data-analyst-09,data-analyst,train,"Skills demonstrated in coursework and projects: Excel, Python, Pandas, Data Visualization, Power BI, Statistics, Tableau."
data-analyst-10,data-analyst,test,"Skills demonstrated in coursework and projects: SQL, Excel, Python, Pandas, Data Visualization, Power BI, Statistics, NumPy."
data-analyst-11,data-analyst,test,"Skills demonstrated in coursework and projects: SQL, Excel, Python, Pandas, Tableau, NumPy."
data-analyst-12,data-analyst,test,"Skills demonstrated in coursework and projects: SQL, Excel, Statistics, Communication."
ml-intern-01,ml-intern,train,"Skills demonstrated in coursework and projects: Python, Machine Learning, Scikit-learn, NumPy, Statistics."
ml-intern-02,ml-intern,train,"Skills demonstrated in coursework and projects: Python, Machine Learning, Scikit-learn, NumPy, Statistics, Pandas."
ml-intern-03,ml-intern,train,"Skills demonstrated in coursework and projects: Python, Machine Learning, Scikit-learn, NumPy, Statistics, PyTorch."
ml-intern-04,ml-intern,train,"Skills demonstrated in coursework and projects: Python, Machine Learning, Scikit-learn, NumPy, Pandas."
ml-intern-05,ml-intern,train,"Skills demonstrated in coursework and projects: Machine Learning, Scikit-learn, NumPy, Statistics, PyTorch."
ml-intern-06,ml-intern,train,"Skills demonstrated in coursework and projects: Python, Machine Learning, Scikit-learn, Pandas, PyTorch."
ml-intern-07,ml-intern,train,"Skills demonstrated in coursework and projects: Python, Scikit-learn, Statistics, Pandas, PyTorch, NLP."
ml-intern-08,ml-intern,train,"Skills demonstrated in coursework and projects: Python, Machine Learning, Scikit-learn, NumPy, Statistics, Computer Vision."
ml-intern-09,ml-intern,train,"Skills demonstrated in coursework and projects: Machine Learning, Scikit-learn, NumPy, Statistics, Pandas, PyTorch, NLP."
ml-intern-10,ml-intern,test,"Skills demonstrated in coursework and projects: Python, Machine Learning, Scikit-learn, NumPy, Statistics, Pandas, PyTorch, Communication."
ml-intern-11,ml-intern,test,"Skills demonstrated in coursework and projects: Python, Machine Learning, Scikit-learn, NumPy, NLP, Communication."
ml-intern-12,ml-intern,test,"Skills demonstrated in coursework and projects: Python, NumPy, Statistics, Pandas."
qa-engineer-01,qa-engineer,train,"Skills demonstrated in coursework and projects: Testing, Selenium, Postman, Python, Git."
qa-engineer-02,qa-engineer,train,"Skills demonstrated in coursework and projects: Testing, Selenium, Postman, Python, Git, SQL."
qa-engineer-03,qa-engineer,train,"Skills demonstrated in coursework and projects: Testing, Selenium, Postman, Python, Git, Agile."
qa-engineer-04,qa-engineer,train,"Skills demonstrated in coursework and projects: Testing, Selenium, Postman, Python, SQL."
qa-engineer-05,qa-engineer,train,"Skills demonstrated in coursework and projects: Selenium, Postman, Python, Git, Agile."
qa-engineer-06,qa-engineer,train,"Skills demonstrated in coursework and projects: Testing, Selenium, Postman, SQL, Agile."
qa-engineer-07,qa-engineer,train,"Skills demonstrated in coursework and projects: Testing, Postman, Git, SQL, Agile, Communication."
qa-engineer-08,qa-engineer,train,"Skills demonstrated in coursework and projects: Testing, Selenium, Postman, Python, Git, Java."
qa-engineer-09,qa-engineer,train,"Skills demonstrated in coursework and projects: Selenium, Postman, Python, Git, SQL, Agile, Communication."
qa-engineer-10,qa-engineer,test,"Skills demonstrated in coursework and projects: Testing, Selenium, Postman, Python, Git, SQL, Agile, REST API."
qa-engineer-11,qa-engineer,test,"Skills demonstrated in coursework and projects: Testing, Selenium, Postman, Python, Communication, REST API."
qa-engineer-12,qa-engineer,test,"Skills demonstrated in coursework and projects: Testing, Postman, Git, REST API."
cloud-support-01,cloud-support,train,"Skills demonstrated in coursework and projects: Linux, AWS, Networking, Docker, Python."
cloud-support-02,cloud-support,train,"Skills demonstrated in coursework and projects: Linux, AWS, Networking, Docker, Python, Git."
cloud-support-03,cloud-support,train,"Skills demonstrated in coursework and projects: Linux, AWS, Networking, Docker, Python, Communication."
cloud-support-04,cloud-support,train,"Skills demonstrated in coursework and projects: Linux, AWS, Networking, Docker, Git."
cloud-support-05,cloud-support,train,"Skills demonstrated in coursework and projects: AWS, Networking, Docker, Python, Communication."
cloud-support-06,cloud-support,train,"Skills demonstrated in coursework and projects: Linux, AWS, Networking, Git, Communication."
cloud-support-07,cloud-support,train,"Skills demonstrated in coursework and projects: Linux, Networking, Python, Git, Communication, SQL."
cloud-support-08,cloud-support,train,"Skills demonstrated in coursework and projects: Linux, AWS, Networking, Docker, Python, Cybersecurity."
cloud-support-09,cloud-support,train,"Skills demonstrated in coursework and projects: AWS, Networking, Docker, Python, Git, Communication, SQL."
cloud-support-10,cloud-support,test,"Skills demonstrated in coursework and projects: Linux, AWS, Networking, Docker, Python, Git, Communication, Problem Solving."
cloud-support-11,cloud-support,test,"Skills demonstrated in coursework and projects: Linux, AWS, Networking, Docker, SQL, Problem Solving."
cloud-support-12,cloud-support,test,"Skills demonstrated in coursework and projects: Linux, Networking, Python, Git."
ui-ux-01,ui-ux,train,"Skills demonstrated in coursework and projects: Figma, UI/UX, Prototyping, User Research."
ui-ux-02,ui-ux,train,"Skills demonstrated in coursework and projects: Figma, UI/UX, Prototyping, User Research, HTML."
ui-ux-03,ui-ux,train,"Skills demonstrated in coursework and projects: Figma, UI/UX, Prototyping, User Research, CSS."
ui-ux-04,ui-ux,train,"Skills demonstrated in coursework and projects: Figma, UI/UX, Prototyping, HTML."
ui-ux-05,ui-ux,train,"Skills demonstrated in coursework and projects: UI/UX, Prototyping, User Research, CSS."
ui-ux-06,ui-ux,train,"Skills demonstrated in coursework and projects: Figma, UI/UX, HTML, CSS."
ui-ux-07,ui-ux,train,"Skills demonstrated in coursework and projects: Figma, Prototyping, HTML, CSS, Communication."
ui-ux-08,ui-ux,train,"Skills demonstrated in coursework and projects: Figma, UI/UX, Prototyping, User Research, JavaScript."
ui-ux-09,ui-ux,train,"Skills demonstrated in coursework and projects: UI/UX, Prototyping, User Research, HTML, CSS, Communication."
ui-ux-10,ui-ux,test,"Skills demonstrated in coursework and projects: Figma, UI/UX, Prototyping, User Research, HTML, CSS, Problem Solving."
ui-ux-11,ui-ux,test,"Skills demonstrated in coursework and projects: Figma, UI/UX, Prototyping, Communication, Problem Solving."
ui-ux-12,ui-ux,test,"Skills demonstrated in coursework and projects: Figma, User Research, Communication, HTML."
security-01,security,train,"Skills demonstrated in coursework and projects: Cybersecurity, Networking, Linux, Wireshark, SIEM."
security-02,security,train,"Skills demonstrated in coursework and projects: Cybersecurity, Networking, Linux, Wireshark, SIEM, Python."
security-03,security,train,"Skills demonstrated in coursework and projects: Cybersecurity, Networking, Linux, Wireshark, SIEM, Communication."
security-04,security,train,"Skills demonstrated in coursework and projects: Cybersecurity, Networking, Linux, Wireshark, Python."
security-05,security,train,"Skills demonstrated in coursework and projects: Networking, Linux, Wireshark, SIEM, Communication."
security-06,security,train,"Skills demonstrated in coursework and projects: Cybersecurity, Networking, Linux, Python, Communication."
security-07,security,train,"Skills demonstrated in coursework and projects: Cybersecurity, Linux, SIEM, Python, Communication, Docker."
security-08,security,train,"Skills demonstrated in coursework and projects: Cybersecurity, Networking, Linux, Wireshark, SIEM, AWS."
security-09,security,train,"Skills demonstrated in coursework and projects: Networking, Linux, Wireshark, SIEM, Python, Communication, Docker."
security-10,security,test,"Skills demonstrated in coursework and projects: Cybersecurity, Networking, Linux, Wireshark, SIEM, Python, Communication, Problem Solving."
security-11,security,test,"Skills demonstrated in coursework and projects: Cybersecurity, Networking, Linux, Wireshark, Docker, Problem Solving."
security-12,security,test,"Skills demonstrated in coursework and projects: Cybersecurity, Wireshark, Linux, Docker."
